item,price,store,image
Lenovo Ideapad 700 (i7/16/1TB/NVIDIA/W10) Notebook PC,"15,200 L.E",Brothers for Import,http://www.egprices.com/images/thumb/lenovo_ideapad_700.jpg
Lenovo Ideapad 700 (i7/16/1TB/NVidia) Notebook PC,"14,599 L.E",Brothers for Import,http://www.egprices.com/images/thumb/lenovo_ideapad_700.jpg
Dell Inspiron 15-7567 (i7/8/1TB/NVIDIA) Notebook PC,"17,900 L.E",Brothers for Import,http://www.egprices.com/images/thumb/15_7567.jpg
HP 15-BS038NE Notebook PC,"11,999 L.E",Brothers for Import,http://www.egprices.com/images/thumb/15-bs035ne.jpg
Lenovo Ideapad 320 (i5/4/1TB/NVIDIA) Notebook PC,"8,499 L.E",CompuScience,http://www.egprices.com/images/thumb/lenovo_ideapad_320_i5.jpg
Lenovo Ideapad V310 (i5/8/500/Radeon R5 M430) Notebook PC,"9,599 L.E",CompuScience,http://www.egprices.com/images/thumb/lenovo-ideapad-v310.jpg
Dell Inspiron 15-7567 (i7/8/1TB+128SSD/NVIDIA) Notebook PC,"23,999 L.E",Egypt Laptop,http://www.egprices.com/images/thumb/15_7567.jpg
Dell Inspiron 15R 3567 (i5/4/1TB/R5 M340) Notebook PC,"8,650 L.E",CompuScience,http://www.egprices.com/images/thumb/dell_inspiron_15r_3558_notebook_pc.jpg
Dell Inspiron 15R 5567 (i7/16/2TB/R7 M440) Notebook PC,"14,099 L.E",CompuScience,http://www.egprices.com/images/thumb/dell_inspiron_15r_5558_notbook.jpg
Lenovo Ideapad 320 (AMD/4/1TB) Notebook PC,"4,299 L.E",CompuScience,http://www.egprices.com/images/thumb/lenovo-ideapad-320.jpg
Lenovo Ideapad 320 (i3/4/1TB) Notebook PC,"6,199 L.E",CompuScience,http://www.egprices.com/images/thumb/lenovo-ideapad-320.jpg
Lenovo Ideapad 110 (i5/8/1TB/R5 M430) Notebook PC,"8,899 L.E",CompuScience,http://www.egprices.com/images/thumb/lenovo_ideapad_110_e1-7010__netbook_pc.jpg
Dell Inspiron 15-7567 (i7/8/1TB/NVIDIA) Notebook PC,"18,499 L.E",Egypt Laptop,http://www.egprices.com/images/thumb/15_7567.jpg
Lenovo Ideapad 700 (i7/16/1TB/NVIDIA/W10) Notebook PC,"15,999 L.E",Egypt Laptop,http://www.egprices.com/images/thumb/lenovo_ideapad_700.jpg
Lenovo Ideapad 520 (i7/16/2TB/NVIDIA) Notebook PC,"15,999 L.E",Egypt Laptop,http://www.egprices.com/images/thumb/lenovo-ideapad-520.jpg
Lenovo Ideapad 520 (i7/8/1TB/NVIDIA) Notebook PC,"13,999 L.E",Egypt Laptop,http://www.egprices.com/images/thumb/lenovo-ideapad-520.jpg
HP 15-BS038NE Notebook PC,"12,199 L.E",Egypt Laptop,http://www.egprices.com/images/thumb/15-bs035ne.jpg
Lenovo ThinkPad E570 (i5/4/500) Notebook PC,"12,499 L.E",Egypt Laptop,http://www.egprices.com/images/thumb/lenovo-thinkpad-e570.jpg
Lenovo Ideapad Y700 (i7/16/1TB/NVidia) Notebook PC,"15,199 L.E",Egypt Laptop,http://www.egprices.com/images/thumb/lenovo_y700.jpg
Dell Inspiron 15R 5567 (i7/8/1TB/R7 M445) Notebook PC,"12,199 L.E",Egypt Laptop,http://www.egprices.com/images/thumb/dell_inspiron_15r_5558_notbook.jpg
Lenovo Legion Y520 (i7/16/1TB+128G SSD/NVIDIA/W10) Notebook PC,"20,999 L.E",Egypt Laptop,http://www.egprices.com/images/thumb/lenovo-legion-y520.jpg
Lenovo Ideapad 510 (i7/8/1TB/NVIDIA) Notebook PC,"13,299 L.E",Egypt Laptop,http://www.egprices.com/images/thumb/lenovo_ideapad_510_notebook_pc.jpg
Lenovo Ideapad 520 (i7/16/2TB/NVIDIA MX150 4GB) Notebook PC,"16,600 L.E",Collection,http://www.egprices.com/images/thumb/lenovo-ideapad-520.jpg
Lenovo Ideapad 700 (i7/16/1TB/NVIDIA/W10) Notebook PC,"15,200 L.E",Collection,http://www.egprices.com/images/thumb/lenovo_ideapad_700.jpg
Lenovo Ideapad 700 (i7/16/1TB/NVidia) Notebook PC,"14,600 L.E",Collection,http://www.egprices.com/images/thumb/lenovo_ideapad_700.jpg
Lenovo Legion Y520 (i7/16/1TB+256G SSD/NVIDIA/W10) Notebook PC,"25,200 L.E",Collection,http://www.egprices.com/images/thumb/lenovo-legion-y520.jpg
HP 15-BS033NE Notebook PC,"6,750 L.E",Collection,http://www.egprices.com/images/thumb/hp_15-bs033ne_notebook_pc.jpg
Lenovo Ideapad 520 (i5/16/2TB/NVIDIA) Notebook PC,"13,300 L.E",Collection,http://www.egprices.com/images/thumb/lenovo_ideapad_520_i5.jpg
Lenovo Ideapad 110 (i3/4/1TB) Notebook PC,"6,150 L.E",Collection,http://www.egprices.com/images/thumb/lenovo_ideapad_110_e1-7010__netbook_pc.jpg
HP ProBook 450 G4 (i7/8/1TB/NVIDIAI) Notebook PC,"13,300 L.E",Collection,http://www.egprices.com/images/thumb/hp_probook_450_g4.jpg
Lenovo Legion Y520 (i7/16/1TB+256G SSD/NVIDIA/W10) Notebook PC,"25,000 L.E",Delta Computer Alex,http://www.egprices.com/images/thumb/lenovo-legion-y520.jpg
Lenovo Ideapad 520 (i7/16/2TB/NVIDIA MX150 4GB) Notebook PC,"16,399 L.E",Brothers for Import,http://www.egprices.com/images/thumb/lenovo-ideapad-520.jpg
Lenovo Ideapad 110 (i5/8/1TB/R5 M430) Notebook PC,"8,750 L.E",Delta Computer Alex,http://www.egprices.com/images/thumb/lenovo_ideapad_110_e1-7010__netbook_pc.jpg
HP ProBook 450 G4 (i5/8/1TB/NVIDIAI) Notebook PC,"11,150 L.E",Delta Computer Alex,http://www.egprices.com/images/thumb/hp_probook_450_g4.jpg
HP ProBook 450 G4 (i7/8/1TB/NVIDIAI) Notebook PC,"13,150 L.E",Delta Computer Alex,http://www.egprices.com/images/thumb/hp_probook_450_g4.jpg
HP 15-BS036NE Notebook PC (2CT87EA),"9,999 L.E",Carrefour,http://www.egprices.com/images/thumb/hp-15-bs036ne.jpg
Lenovo Ideapad 110 (i5/8/1TB/R5 M430) Notebook PC,"8,999 L.E",Carrefour,http://www.egprices.com/images/thumb/lenovo_ideapad_110_e1-7010__netbook_pc.jpg
HP 15-BS033NE Notebook PC,"6,999 L.E",Carrefour,http://www.egprices.com/images/thumb/hp_15-bs033ne_notebook_pc.jpg
Lenovo Ideapad 110 (i3/4/1TB) Notebook PC,"6,599 L.E",Carrefour,http://www.egprices.com/images/thumb/lenovo_ideapad_110_e1-7010__netbook_pc.jpg
Dell Inspiron 15R 3567 (i3/4/500) Notebook PC,"6,499 L.E",Carrefour,http://www.egprices.com/images/thumb/dell_inspiron_15r_3558_notebook_pc.jpg
Lenovo Ideapad 110 (Celeron /4/500) Notebook PC,"4,199 L.E",Carrefour,http://www.egprices.com/images/thumb/lenovo_ideapad_110_e1-7010__netbook_pc.jpg
HP 15-BS035NE Notebook PC,"9,888 L.E",Egypt Laptop,http://www.egprices.com/images/thumb/15-bs035ne.jpg
HP 15-BS036NE Notebook PC (2CT87EA),"10,399 L.E",2B Computer,http://www.egprices.com/images/thumb/hp-15-bs036ne.jpg
Lenovo Ideapad Y700 (i7/16/1TB+128GB SSD/NVidia) Notebook PC,"24,999 L.E",2B Computer,http://www.egprices.com/images/thumb/lenovo_y700.jpg
Lenovo Ideapad Y700 (i7/16/1TB+256GB SSD/NVidia) Notebook PC,"22,999 L.E",2B Computer,http://www.egprices.com/images/thumb/lenovo_y700.jpg
Lenovo Ideapad 520 (i7/16/2TB/NVIDIA) Notebook PC,"16,799 L.E",2B Computer,http://www.egprices.com/images/thumb/lenovo-ideapad-520.jpg
Lenovo Ideapad 520 (i5/8/1TB/NVIDIA) Notebook PC,"14,299 L.E",2B Computer,http://www.egprices.com/images/thumb/lenovo_ideapad_520_i5.jpg
Lenovo Ideapad 110 (i5/8/1TB/R5 M430) Notebook PC,"9,399 L.E",2B Computer,http://www.egprices.com/images/thumb/lenovo_ideapad_110_e1-7010__netbook_pc.jpg
Lenovo Ideapad 320 (i7/8/1TB/R7 M530) Notebook PC,"12,450 L.E",Collection,http://www.egprices.com/images/thumb/lenovo-ideapad-320.jpg
Dell Inspiron 15R 3567 (i7/8/1TB/R5 M340) Notebook PC + Free Bag,"12,399 L.E",Carrefour,http://www.egprices.com/images/thumb/dell_inspiron_15r_3558_notebook_pc.jpg
Lenovo Ideapad 320 (i5/8/1TB/R5 M530) Netbook PC,"10,175 L.E",Collection,http://www.egprices.com/images/thumb/lenovo-ideapad-320.jpg
Dell Inspiron 15R 3567 (i5/4/1TB/R5 M340) Notebook PC,"9,399 L.E",2B Computer,http://www.egprices.com/images/thumb/dell_inspiron_15r_3558_notebook_pc.jpg
Dell Inspiron 15R 3567 (i3/4/500) Notebook PC,"6,999 L.E",2B Computer,http://www.egprices.com/images/thumb/dell_inspiron_15r_3558_notebook_pc.jpg
Lenovo Ideapad 110 (i3/4/1TB) Notebook PC,"6,799 L.E",2B Computer,http://www.egprices.com/images/thumb/lenovo_ideapad_110_e1-7010__netbook_pc.jpg
Lenovo Ideapad 110 (i3/4/1TB) Notebook PC,"6,150 L.E",Delta Computer Alex,http://www.egprices.com/images/thumb/lenovo_ideapad_110_e1-7010__netbook_pc.jpg
Dell Inspiron 15R 5567 (i7/8/1TB/R7 M440) Notebook PC,"11,900 L.E",Collection,http://www.egprices.com/images/thumb/dell_inspiron_15r_5558_notbook.jpg
Lenovo Ideapad 310 (i7/8/1TB/NVIDIA) Notebook PC,"11,099 L.E",Collection,http://www.egprices.com/images/thumb/lenovo_ideapad_310_notbook_pc.jpg
Lenovo Ideapad 510 (i7/8/1TB/NVIDIA) Notebook PC,"14,999 L.E",2B Computer,http://www.egprices.com/images/thumb/lenovo_ideapad_510_notebook_pc.jpg
Lenovo Ideapad 110 (Celeron /4/500) Notebook PC,"4,599 L.E",2B Computer,http://www.egprices.com/images/thumb/lenovo_ideapad_110_e1-7010__netbook_pc.jpg
HP Stream 13-c100ne Notebook PC,"5,199 L.E",2B Computer,http://www.egprices.com/images/thumb/hp_stream_notebook_-_13-c100ne.jpg
Lenovo Ideapad 700 (i7/16/1TB/NVidia) Notebook PC,"14,999 L.E",Compu Data Center,http://www.egprices.com/images/thumb/lenovo_ideapad_700.jpg
Lenovo Ideapad 520 (i5/16/2TB/NVIDIA) Notebook PC,"13,650 L.E",Compu Data Center,http://www.egprices.com/images/thumb/lenovo_ideapad_520_i5.jpg
Lenovo Ideapad 520 (i7/16/2TB/NVIDIA MX150 4GB) Notebook PC,"17,250 L.E",Compu Data Center,http://www.egprices.com/images/thumb/lenovo-ideapad-520.jpg
Lenovo Legion Y520 (i7/16/1TB+256G SSD/NVIDIA/W10) Notebook PC,"26,250 L.E",Compu Data Center,http://www.egprices.com/images/thumb/lenovo-legion-y520.jpg
Lenovo Ideapad 110 (i3/4/1TB) Notebook PC,"6,300 L.E",Compu Data Center,http://www.egprices.com/images/thumb/lenovo_ideapad_110_e1-7010__netbook_pc.jpg
Lenovo Legion Y520 (i7/16/1TB+128G SSD/GTX 1060 Ti 6GB/W10) Notebook PC,"26,899 L.E",CompuScience,http://www.egprices.com/images/thumb/lenovo-legion-y520.jpg
Lenovo Legion Y720 (i7/16/2TB+256G SSD/NVIDIA) Notebook PC,"28,000 L.E",Brothers for Import,http://www.egprices.com/images/thumb/legion_y720.jpg
Lenovo Ideapad V310 (i5/4/500/Radeon R5 M430) Notebook PC,"8,500 L.E",Brothers for Import,http://www.egprices.com/images/thumb/lenovo-ideapad-v310.jpg
Lenovo Ideapad V510 (i5/8/1TB/Radeon R5 M430) Notebook PC,"9,600 L.E",Brothers for Import,http://www.egprices.com/images/thumb/lenovo_v520.jpg
Lenovo Ideapad V510 (i7/8/1TB/Radeon R5 M430) Notebook PC,"10,900 L.E",Brothers for Import,http://www.egprices.com/images/thumb/lenovo_v520.jpg
Lenovo Ideapad V510 (i5/4/500/Radeon R5 M430) Notebook PC,"8,600 L.E",Brothers for Import,http://www.egprices.com/images/thumb/lenovo_v520.jpg
Lenovo Ideapad 520 (i7/8/1TB/NVIDIA MX150 4GB) Notebook PC,"13,800 L.E",Brothers for Import,http://www.egprices.com/images/thumb/lenovo-ideapad-520.jpg
Lenovo Ideapad 520 (i7/8/1TB/NVIDIA 940 4GB) Notebook PC,"13,000 L.E",Brothers for Import,http://www.egprices.com/images/thumb/lenovo-ideapad-520.jpg
Lenovo Ideapad 320 (i7- 6500U/8/1TB/NVIDIA) Notebook PC,"10,750 L.E",Brothers for Import,http://www.egprices.com/images/thumb/lenovo_ideapad_320_i7_8_1tb.jpg
Lenovo Ideapad 320 (i7-7500U/8/1TB/NVIDIA) Notebook PC,"11,200 L.E",Brothers for Import,http://www.egprices.com/images/thumb/lenovo_ideapad_320_i7_8_1tb.jpg
Lenovo Ideapad 320 (i5/4/1TB/NVIDIA) Notebook PC,"8,500 L.E",Brothers for Import,http://www.egprices.com/images/thumb/lenovo_ideapad_320_i5.jpg
Dell Inspiron 15R 5567 (i7/8/2TB/R7 M440) Notebook PC,"12,750 L.E",Brothers for Import,http://www.egprices.com/images/thumb/dell_inspiron_15r_5558_notbook.jpg
Lenovo Legion Y520 (i7/16/2TB+256G SSD/NVIDIA) Notebook PC,"22,700 L.E",Brothers for Import,http://www.egprices.com/images/thumb/lenovo-legion-y520.jpg
Lenovo Ideapad 110 (i3/4/1TB) Notebook PC,"6,100 L.E",Brothers for Import,http://www.egprices.com/images/thumb/lenovo_ideapad_110_e1-7010__netbook_pc.jpg
Cherry ZE04D Notebook PC,"2,899 L.E",CompuScience,http://www.egprices.com/images/thumb/cherry-ze04d-notebook.jpg
Cherry ZE04G Notebook PC,"2,899 L.E",CompuScience,http://www.egprices.com/images/thumb/cherry-ze04g-notebook-pc.jpg
"Cherry ZE003 Notebook PC (Black, Red)","2,399 L.E",CompuScience,http://www.egprices.com/images/thumb/cherry_ze003_notebook_pc.jpg
HP 15-BS032NE Notebook PC (2CT82EA),"6,700 L.E",MEST,http://www.egprices.com/images/thumb/15-bs032ne.jpg
Lenovo Ideapad Y700 (i7/16/1TB+128GB SSD/NVidia) Notebook PC,"22,399 L.E",Egypt Laptop,http://www.egprices.com/images/thumb/lenovo_y700.jpg
Lenovo Ideapad 520 (i5/16/2TB/NVIDIA) Notebook PC,"13,666 L.E",Egypt Laptop,http://www.egprices.com/images/thumb/lenovo_ideapad_520_i5.jpg
Lenovo E4180 (I7/8/1TB/R5 M330) Notebook PC,"10,599 L.E",Egypt Laptop,http://www.egprices.com/images/thumb/lenovo_e4070_1.jpg
HP 15-BS033NE Notebook PC,"6,777 L.E",Egypt Laptop,http://www.egprices.com/images/thumb/hp_15-bs033ne_notebook_pc.jpg
Lenovo Ideapad 320 (i3/4/1TB) Notebook PC,"6,549 L.E",Egypt Laptop,http://www.egprices.com/images/thumb/lenovo-ideapad-320.jpg
Lenovo Ideapad 320 (AMD/4/1TB) Notebook PC,"4,599 L.E",Egypt Laptop,http://www.egprices.com/images/thumb/lenovo-ideapad-320.jpg
HP 255 G6 (AMD E2/4/500/R2) Notebook PC,"4,599 L.E",Egypt Laptop,http://www.egprices.com/images/thumb/hp_255_g6.jpg
HP ProBook 450 G4 (i5/8/1TB/NVIDIAI) Notebook PC,"11,250 L.E",MEST,http://www.egprices.com/images/thumb/hp_probook_450_g4.jpg
Dell Inspiron 15R 5567 (i7/8/1TB/R7 M440) Notebook PC,"11,849 L.E",Brothers for Import,http://www.egprices.com/images/thumb/dell_inspiron_15r_5558_notbook.jpg
Dell Inspiron 15R 5559 (i7/8/1TB/ATI) Notebook PC,"11,650 L.E",Brothers for Import,http://www.egprices.com/images/thumb/dell_inspiron_15r_5558_notbook.jpg
Dell Inspiron 15R 5558 (i5/8/1TB/NVIDIA) Notebook PC,"10,400 L.E",Egypt Laptop,http://www.egprices.com/images/thumb/dell_inspiron_15r_5558_notbook.jpg
Lenovo Ideapad 110 (i3/4/1TB/R5 M430) Notebook PC,"6,299 L.E",Egypt Laptop,http://www.egprices.com/images/thumb/lenovo_ideapad_110_e1-7010__netbook_pc.jpg
Lenovo Legion Y520 (i7/16/1TB+128G SSD/NVIDIA/W10) Notebook PC,"20,999 L.E",CompuScience,http://www.egprices.com/images/thumb/lenovo-legion-y520.jpg
Dell Inspiron 15R 3567 (i3/4/500) Notebook PC,"6,500 L.E",Sigma Computer,http://www.egprices.com/images/thumb/dell_inspiron_15r_3558_notebook_pc.jpg
HP 15-BS035NE Notebook PC,"9,890 L.E",Compunil,http://www.egprices.com/images/thumb/15-bs035ne.jpg
Lenovo Ideapad 320 (AMD/4/1TB) Notebook PC,"4,400 L.E",Collection,http://www.egprices.com/images/thumb/lenovo-ideapad-320.jpg
HP 15-BS035NE Notebook PC,"10,150 L.E",Collection,http://www.egprices.com/images/thumb/15-bs035ne.jpg
Dell Inspiron 15R 3567 (i5/4/1TB/R5 M340) Notebook PC,"8,750 L.E",Collection,http://www.egprices.com/images/thumb/dell_inspiron_15r_3558_notebook_pc.jpg
Dell Inspiron 15R 3567 (i5/4/500/R5 M340/Linux) Notebook PC,"8,450 L.E",Collection,http://www.egprices.com/images/thumb/dell_inspiron_15r_3558_notebook_pc.jpg
Lenovo Ideapad 110 (Celeron /4/500) Notebook PC,"4,599 L.E",Raya Shop,http://www.egprices.com/images/thumb/lenovo_ideapad_110_e1-7010__netbook_pc.jpg
Lenovo Ideapad 310 (i7/8/1TB/NVIDIA) Notebook PC,"11,650 L.E",Compu Data Center,http://www.egprices.com/images/thumb/lenovo_ideapad_310_notbook_pc.jpg
Dell Inspiron 15R 5567 (i7/8/1TB/R7 M440) Notebook PC,"12,150 L.E",Compunil,http://www.egprices.com/images/thumb/dell_inspiron_15r_5558_notbook.jpg
Lenovo Ideapad Y700 (i7/16/1TB+128GB SSD/NVidia) Notebook PC,"18,888 L.E",Brothers for Import,http://www.egprices.com/images/thumb/lenovo_y700.jpg
Dell Inspiron 15-7567 (I7/16/1TB + 128SSD/NVIDIA) Notebook PC,"21,999 L.E",Egypt Laptop,http://www.egprices.com/images/thumb/15_7567.jpg
Acer Predator Helios 300 (i7/16/256GB SSD/NVIDIA) Gaming Notebook PC,"28,200 L.E",El Badr Group,http://www.egprices.com/images/thumb/acer-predator-helios-300.jpg
Dell Inspiron 15R 5567 (i7/16/2TB/R7 M445/W10) Notebook PC,"16,000 L.E",Collection,http://www.egprices.com/images/thumb/dell_inspiron_15r_5558_notbook.jpg
Cherry ZE001 Notebook PC,"3,299 L.E",CompuScience,http://www.egprices.com/images/thumb/cherry_ze001_notebook_pc.jpg
Apple New MacBook 12-inch Retina Display Dual-core 1.1GHz 8GB (256GB) (gold),"25,900 L.E",Tradeline Stores,http://www.egprices.com/images/thumb/apple_new_macbook_gold.jpg
Dell Inspiron 15R 5567 (i7/8/1TB/R7 M445) Notebook PC,"12,150 L.E",Compu Data Center,http://www.egprices.com/images/thumb/dell_inspiron_15r_5558_notbook.jpg
Apple New MacBook 12-inch Retina Display Dual-core 1.2 GHz 8GB (512GB) (gray),"28,900 L.E",Tradeline Stores,http://www.egprices.com/images/thumb/apple_new_macbook_gray.jpg
Lenovo ThinkPad T470 (i5/4/500/W10) Notebook PC,"23,499 L.E",Egypt Laptop,http://www.egprices.com/images/thumb/lenovo-thinkpad-t470.jpg
Lenovo Ideapad 320 (i3/4/1TB) Notebook PC,"6,250 L.E",Brothers for Import,http://www.egprices.com/images/thumb/lenovo-ideapad-320.jpg
Lenovo Ideapad 520 (i7/16/2TB/NVIDIA) Notebook PC,"15,499 L.E",Brothers for Import,http://www.egprices.com/images/thumb/lenovo-ideapad-520.jpg
HP ProBook 450 G4 (i7/8/1TB/NVIDIAI) Notebook PC,"13,499 L.E",Egypt Laptop,http://www.egprices.com/images/thumb/hp_probook_450_g4.jpg
Dell Inspiron 15R 5567 (i7/16/2TB/R7 M440) Notebook PC,"14,000 L.E",Brothers for Import,http://www.egprices.com/images/thumb/dell_inspiron_15r_5558_notbook.jpg
Lenovo Ideapad 510 (I7/8/1TB/NVIDIA) Notebook PC,"12,888 L.E",Brothers for Import,http://www.egprices.com/images/thumb/lenovo_ideapad_510_notebook_pc.jpg
Lenovo Ideapad 110 (i7/8/1TB/R5 M430) Notebook PC,"10,000 L.E",Brothers for Import,http://www.egprices.com/images/thumb/lenovo_ideapad_110_e1-7010__netbook_pc.jpg
Lenovo Ideapad 520 (i5/8/1TB/NVIDIA) Notebook PC,"11,299 L.E",Brothers for Import,http://www.egprices.com/images/thumb/lenovo_ideapad_520_i5.jpg
HP 15-BS035NE Notebook PC,"9,899 L.E",CompuScience,http://www.egprices.com/images/thumb/15-bs035ne.jpg
Lenovo Ideapad 520 (i7/8/1TB/NVIDIA) Notebook PC,"13,899 L.E",CompuScience,http://www.egprices.com/images/thumb/lenovo-ideapad-520.jpg
"Lenovo Ideapad 520 (i5/16/2TB/NVIDIA) Notebook PC (Gold, Grey)","13,399 L.E",CompuScience,http://www.egprices.com/images/thumb/lenovo_ideapad_520_i5.jpg
Dell Inspiron 15R 5567 (i7/8/2TB/R7 M440) Notebook PC,"12,699 L.E",CompuScience,http://www.egprices.com/images/thumb/dell_inspiron_15r_5558_notbook.jpg
Lenovo Ideapad 110 (i7/8/1TB/R5 M430) Notebook PC,"10,250 L.E",CompuScience,http://www.egprices.com/images/thumb/lenovo_ideapad_110_e1-7010__netbook_pc.jpg
Lenovo Ideapad 320 (i7/8/1TB/R7 M530) Notebook PC,"10,899 L.E",CompuScience,http://www.egprices.com/images/thumb/lenovo-ideapad-320.jpg
Lenovo Ideapad 110 (i5/4/1TB/R5 M430) Notebook PC,"8,099 L.E",CompuScience,http://www.egprices.com/images/thumb/lenovo_ideapad_110_e1-7010__netbook_pc.jpg
Dell Inspiron 15R 3567 (i3/4/500) Notebook PC,"6,399 L.E",CompuScience,http://www.egprices.com/images/thumb/dell_inspiron_15r_3558_notebook_pc.jpg
Dell Inspiron 15R 5567 (i7/8/1TB/R7 M440) Notebook PC,"11,899 L.E",CompuScience,http://www.egprices.com/images/thumb/dell_inspiron_15r_5558_notbook.jpg
Lenovo Ideapad 320S (i7/8/512GB SSD/NVidia) Notebook PC,"19,200 L.E",Collection,http://www.egprices.com/images/thumb/lenovo-ideapad-320s-i7.jpg
Lenovo Ideapad 110 (i3/4/1TB/R5 M430) Notebook PC,"7,000 L.E",Collection,http://www.egprices.com/images/thumb/lenovo_ideapad_110_e1-7010__netbook_pc.jpg
Dell Inspiron 15R 5567 (i5/4/1TB/R7 M440) Notebook PC,"9,200 L.E",Collection,http://www.egprices.com/images/thumb/dell_inspiron_15r_5558_notbook.jpg
HP 15-BS032NE Notebook PC (2CT82EA),"7,798 L.E",CompuMe,http://www.egprices.com/images/thumb/15-bs032ne.jpg
Lenovo Ideapad 320 (i7/8/1TB/R7 M520) Notebook PC,"11,350 L.E",Delta Computer Alex,http://www.egprices.com/images/thumb/lenovo-ideapad-320.jpg
Lenovo Ideapad 310 (i7/8/1TB/NVIDIA) Notebook PC,"11,250 L.E",Delta Computer Alex,http://www.egprices.com/images/thumb/lenovo_ideapad_310_notbook_pc.jpg
HP 15-BS036NE Notebook PC (2CT87EA),"11,399 L.E",CompuMe,http://www.egprices.com/images/thumb/hp-15-bs036ne.jpg
HP 15-BS035NE Notebook PC,"11,699 L.E",CompuMe,http://www.egprices.com/images/thumb/15-bs035ne.jpg
HP 15-BS033NE Notebook PC,"8,299 L.E",Computer Shop,http://www.egprices.com/images/thumb/hp_15-bs033ne_notebook_pc.jpg
HP 15-BS032NE Notebook PC (2CT82EA),"7,799 L.E",Computer Shop,http://www.egprices.com/images/thumb/15-bs032ne.jpg
HP 15-BS038NE Notebook PC,"12,250 L.E",Collection,http://www.egprices.com/images/thumb/15-bs035ne.jpg
HP ProBook 450 G4 (i5/8/1TB/NVIDIAI) Notebook PC,"10,950 L.E",Collection,http://www.egprices.com/images/thumb/hp_probook_450_g4.jpg
Dell Inspiron 15R 3567 (i3/4/500/Linux) Notebook PC,"6,400 L.E",Collection,http://www.egprices.com/images/thumb/dell_inspiron_15r_3558_notebook_pc.jpg
HP 255 G6 (AMD E2/4/500/R2) Notebook PC,"4,500 L.E",Collection,http://www.egprices.com/images/thumb/hp_255_g6.jpg
Lenovo Legion Y520 (i7/16/1TB+128G SSD/NVIDIA/W10) Notebook PC,"21,000 L.E",Collection,http://www.egprices.com/images/thumb/lenovo-legion-y520.jpg
HP 15-AC118NE Notebook PC (P4G48EA),"5,950 L.E",Collection,http://www.egprices.com/images/thumb/hp_15-r253ne.jpg
HP 15-bs095nia Notebook PC,"6,400 L.E",Sigma Computer,http://www.egprices.com/images/thumb/2cj87ea.jpg
Lenovo ThinkPad T460S (i7/8/256GB SSD/W10) Notebook PC,"34,999 L.E",Egypt Laptop,http://www.egprices.com/images/thumb/lenovo_thinkpad_t460.jpg
HP 15-BS033NE Notebook PC,"8,299 L.E",CompuMe,http://www.egprices.com/images/thumb/hp_15-bs033ne_notebook_pc.jpg
Lenovo Ideapad 320 (i7/8/1TB/R7 M530) Notebook PC,"12,399 L.E",Egypt Laptop,http://www.egprices.com/images/thumb/lenovo-ideapad-320.jpg
Lenovo Ideapad 320 (i5/8/1TB/R5 M530) Netbook PC + Microsoft 1850 Mouse,"9,649 L.E",Egypt Laptop,http://www.egprices.com/images/thumb/lenovo-ideapad-320.jpg
Dell Inspiron 15R 3567 (i3/4/1TB/R5 M340) Notebook PC,"7,250 L.E",Collection,http://www.egprices.com/images/thumb/dell_inspiron_15r_3558_notebook_pc.jpg
Dell Inspiron 15R 3567 (i7/8/1TB/R5 M340) Notebook PC + Free Bag,"11,299 L.E",Egypt Laptop,http://www.egprices.com/images/thumb/dell_inspiron_15r_3558_notebook_pc.jpg
Dell Inspiron 15R 5559 (i7/8/1TB/ATI) Notebook PC,"11,950 L.E",Delta Computer Alex,http://www.egprices.com/images/thumb/dell_inspiron_15r_5558_notbook.jpg
Lenovo Legion Y520 (i7/16/2TB+256G SSD/NVIDIA) Notebook PC,"24,499 L.E",Egypt Laptop,http://www.egprices.com/images/thumb/lenovo-legion-y520.jpg
Dell Inspiron 15R 5559 (i7/16/2TB/ATI) Notebook PC,"14,800 L.E",Sigma Computer,http://www.egprices.com/images/thumb/dell_inspiron_15r_5558_notbook.jpg
Lenovo Ideapad 110 (i5/8/1TB/R5 M430) Notebook PC,"9,000 L.E",Collection,http://www.egprices.com/images/thumb/lenovo_ideapad_110_e1-7010__netbook_pc.jpg
Dell Inspiron 15R 3567 (i7/8/1TB/R5 M340) Notebook PC,"10,750 L.E",Collection,http://www.egprices.com/images/thumb/dell_inspiron_15r_3558_notebook_pc.jpg
Lenovo Ideapad 310 (i5/8/1TB/NVIDIA) Notebook PC,"9,500 L.E",Collection,http://www.egprices.com/images/thumb/lenovo_i310_laptop.jpg
Lenovo ThinkPad X260 (i5/4/500/W10) Notebook PC,"23,999 L.E",Egypt Laptop,http://www.egprices.com/images/thumb/lenovo_thinkpad_x260.jpg
Lenovo Ideapad 110 (i5/8/1TB/R5 M430) Notebook PC,"8,399 L.E",Egypt Laptop,http://www.egprices.com/images/thumb/lenovo_ideapad_110_e1-7010__netbook_pc.jpg
Lenovo Ideapad Y700 (i7/16/1TB+128G SSD/NVidia/W10) Notebook PC,"21,499 L.E",Egypt Laptop,http://www.egprices.com/images/thumb/lenovo_y700.jpg
Dell Inspiron 15R 3567 (i5/4/500/R5 M340) Notebook PC,"8,699 L.E",Egypt Laptop,http://www.egprices.com/images/thumb/dell_inspiron_15r_3558_notebook_pc.jpg
HP 15-BS038NE Notebook PC,"13,599 L.E",Computer Shop,http://www.egprices.com/images/thumb/15-bs035ne.jpg
HP 15-BS036NE Notebook PC (2CT87EA),"11,299 L.E",Computer Shop,http://www.egprices.com/images/thumb/hp-15-bs036ne.jpg
HP 15-BS035NE Notebook PC,"11,699 L.E",Computer Shop,http://www.egprices.com/images/thumb/15-bs035ne.jpg
Apple MacBook Pro 13-inch Retina Display Dual-core I5 2.9GHz 8GB (256GB),"38,800 L.E",Tradeline Stores,http://www.egprices.com/images/thumb/apple_macbook.jpg
Lenovo Ideapad 520 (i5/16/2TB/NVIDIA) Notebook PC,"13,500 L.E",Sigma Computer,http://www.egprices.com/images/thumb/lenovo_ideapad_520_i5.jpg
Lenovo ThinkPad E460 (i5/4/500) Notebook PC,"14,999 L.E",Egypt Laptop,http://www.egprices.com/images/thumb/lenovo_thinkpad_e460.jpg
Lenovo ThinkPad E460 (i5/4/500/R5 M330) Notebook PC,"15,999 L.E",Egypt Laptop,http://www.egprices.com/images/thumb/lenovo_thinkpad_e460.jpg
Lenovo Ideapad I310 (i5/8/1TB/NVIDIA) Notebook PC,"9,799 L.E",Egypt Laptop,http://www.egprices.com/images/thumb/lenovo_i310_laptop.jpg
Apple MacBook Air 13-inch (Core I5 1.8GHz/8/128GB),"18,888 L.E",Tradeline Stores,http://www.egprices.com/images/thumb/Apple_MacBook_Air.jpg
Lenovo Ideapad 110 (i5/4/1TB/R5 M430) Notebook PC,"8,999 L.E",Collection,http://www.egprices.com/images/thumb/lenovo_ideapad_110_e1-7010__netbook_pc.jpg
Dell Inspiron 15R 5559 (i7/8/1TB/ATI) Notebook PC,"12,200 L.E",Sigma Computer,http://www.egprices.com/images/thumb/dell_inspiron_15r_5558_notbook.jpg
HP ProBook 450 G4 (i5/8/1TB/NVIDIAI) Notebook PC,"11,299 L.E",Egypt Laptop,http://www.egprices.com/images/thumb/hp_probook_450_g4.jpg
HP 255 G5 (AMD E2/4/500/Radeon) Notebook PC,"4,499 L.E",Egypt Laptop,http://www.egprices.com/images/thumb/hp_255_g5.jpg
Dell Inspiron 15R 3567 (i5/6/1TB/R5 M340) Notebook PC,"9,399 L.E",Egypt Laptop,http://www.egprices.com/images/thumb/dell_inspiron_15r_3558_notebook_pc.jpg
HP 250 G5 (i3/4/500) Notebook PC,"6,199 L.E",Egypt Laptop,http://www.egprices.com/images/thumb/hp_655.jpg
HP 15-ay112ne Notebook PC,"12,999 L.E",Egypt Laptop,http://www.egprices.com/images/thumb/hp_15-ay109ne_notebook_pc.jpg
HP 15-ay108ne Notebook PC,"8,599 L.E",Egypt Laptop,http://www.egprices.com/images/thumb/hp_15-ay109ne_notebook_pc.jpg
HP 15-ay019ne Notebook PC,"6,199 L.E",Egypt Laptop,http://www.egprices.com/images/thumb/hp_15-r253ne.jpg
HP 15-ay020ne Notebook PC,"6,899 L.E",Egypt Laptop,http://www.egprices.com/images/thumb/hp_15-r253ne.jpg
Dell Inspiron 11 3158 (i3/4/500/W10) Convertible Touchscreen Notebook PC,"12,399 L.E",Egypt Laptop,http://www.egprices.com/images/thumb/dell_inspiron_3148.jpg
HP ProBook 450 G3 (i7/8/1TB/ATI) Notebook PC,"13,499 L.E",Egypt Laptop,http://www.egprices.com/images/thumb/hp_probook_450_g2_.jpg
ASUS X540L-JXX001D Notebook PC,"6,888 L.E",Egypt Laptop,http://www.egprices.com/images/thumb/asus_x540.jpg
ASUS K540LA-XX035D Notebook PC,"5,999 L.E",Egypt Laptop,http://www.egprices.com/images/thumb/asus_k550ld.jpg
Dell Inspiron 15R 3542 (i5/8/1TB/NVIDIA/W8) Notebook PC,"9,299 L.E",Egypt Laptop,http://www.egprices.com/images/thumb/dell_inspiron_15r_3542_notebook_pc.jpg
HP 255 (E2-7110/4/500/Radeon) Notebook PC,"4,499 L.E",Egypt Laptop,http://www.egprices.com/images/thumb/hp_255_g1.jpg
HP 15-ac125ne Notebook PC,"8,799 L.E",Egypt Laptop,http://www.egprices.com/images/thumb/hp_15-r253ne.jpg
Dell Inspiron 15R 3542 (i5/8/1TB/NVIDIA) Notebook PC,"8,999 L.E",Egypt Laptop,http://www.egprices.com/images/thumb/dell_inspiron_15r_3542_notebook_pc.jpg
Lenovo Ideapad 110 (i3/4/1TB) Notebook PC,"6,600 L.E",Compunil,http://www.egprices.com/images/thumb/lenovo_ideapad_110_e1-7010__netbook_pc.jpg
HP 250 G5 (i3/4/1TB/R5 M330) Notebook PC,"6,999 L.E",Egypt Laptop,http://www.egprices.com/images/thumb/hp_655.jpg
HP ProBook 450 G3 (i7/8/1TB/ATI) Notebook PC,"12,600 L.E",Sigma Computer,http://www.egprices.com/images/thumb/hp_probook_450_g2_.jpg
Dell Inspiron 15R 5567 (i5/4/1TB/R7 M440) Notebook PC,"9,500 L.E",Compunil,http://www.egprices.com/images/thumb/dell_inspiron_15r_5558_notbook.jpg
Dell Inspiron 15R 3567 (i5/4/500/R5 M340/Linux) Notebook PC,"9,050 L.E",Compunil,http://www.egprices.com/images/thumb/dell_inspiron_15r_3558_notebook_pc.jpg
ASUS X454Y (AMD/2/500) Notebook PC,"4,099 L.E",Sigma Computer,http://www.egprices.com/images/thumb/asus_x453sa_notebook.jpg
Lenovo Ideapad 320 (i3/4/1TB) Notebook PC,"6,500 L.E",Sigma Computer,http://www.egprices.com/images/thumb/lenovo-ideapad-320.jpg
Lenovo Ideapad 320 (AMD/4/1TB) Notebook PC,"4,600 L.E",Sigma Computer,http://www.egprices.com/images/thumb/lenovo-ideapad-320.jpg
Dell Inspiron 15-7567 (I7/16/1TB + 128SSD/NVIDIA) Notebook PC,"20,800 L.E",Collection,http://www.egprices.com/images/thumb/15_7567.jpg
Lenovo Ideapad I310 (i5/8/1TB/NVIDIA) Notebook PC,"9,450 L.E",Sigma Computer,http://www.egprices.com/images/thumb/lenovo_i310_laptop.jpg
Lenovo Ideapad 110 (AMD E1-7010 /4/1TB/Radeon) Notebook PC,"4,200 L.E",Brothers for Import,http://www.egprices.com/images/thumb/lenovo_ideapad_110_e1-7010__netbook_pc.jpg
Apple MacBook Pro 13-inch Retina Display Dual-core I5 3.1GHz 8GB (256GB),"40,999 L.E",Tradeline Stores,http://www.egprices.com/images/thumb/apple_macbook.jpg
Apple MacBook Pro 13-inch Retina Display Dual-core I5 2.3GHz 8GB (256GB),"33,999 L.E",Tradeline Stores,http://www.egprices.com/images/thumb/apple_macbook.jpg
Apple MacBook Air 13-inch (Core I5 1.8GHz/8/256GB),"27,499 L.E",Tradeline Stores,http://www.egprices.com/images/thumb/Apple_MacBook_Air.jpg
Apple MacBook Pro 13-inch Retina Display Dual-core I5 2.3GHz 8GB (128GB),"29,699 L.E",Tradeline Stores,http://www.egprices.com/images/thumb/apple_macbook.jpg
Lenovo Ideapad 110 (i3/4/1TB) Notebook PC,"6,100 L.E",MEST,http://www.egprices.com/images/thumb/lenovo_ideapad_110_e1-7010__netbook_pc.jpg
HP 15-ba002ne Notebook PC,"6,199 L.E",Egypt Laptop,http://www.egprices.com/images/thumb/hp_15-ba001ne.jpg
HP 15-ay109ne Notebook PC,"10,299 L.E",Egypt Laptop,http://www.egprices.com/images/thumb/hp_15-ay109ne_notebook_pc.jpg
Dell Inspiron 15R 3542 (i3/4/500) Notebook PC,"5,999 L.E",Egypt Laptop,http://www.egprices.com/images/thumb/dell_inspiron_15r_3542_notebook_pc.jpg
HP 15-ba002ne Notebook PC,"5,750 L.E",Sigma Computer,http://www.egprices.com/images/thumb/hp_15-ba001ne.jpg
Lenovo Ideapad 110 (i3/4/1TB/R5 M430) Notebook PC,"6,700 L.E",Sigma Computer,http://www.egprices.com/images/thumb/lenovo_ideapad_110_e1-7010__netbook_pc.jpg
Dell Inspiron 15R 5559 (i5/8/1TB/ATI) Notebook PC,"9,750 L.E",Sigma Computer,http://www.egprices.com/images/thumb/dell_inspiron_15r_5558_notbook.jpg
Lenovo Ideapad 320 (i7/8/1TB/R7 M440) Notebook PC,"11,500 L.E",Sigma Computer,http://www.egprices.com/images/thumb/lenovo-ideapad-320.jpg
Lenovo Ideapad 110 (i5/8/1TB/R5 M430) Notebook PC,"9,350 L.E",Time Tech,http://www.egprices.com/images/thumb/lenovo_ideapad_110_e1-7010__netbook_pc.jpg
Lenovo Ideapad 110 (i3/4/1TB/R5 M430) Notebook PC,"6,850 L.E",Time Tech,http://www.egprices.com/images/thumb/lenovo_ideapad_110_e1-7010__netbook_pc.jpg
HP ProBook 450 G4 (i7/8/1TB/NVIDIAI) Notebook PC,"12,850 L.E",Compunil,http://www.egprices.com/images/thumb/hp_probook_450_g4.jpg
Dell Inspiron 15R 3567 (i3/4/1TB) Notebook PC,"6,399 L.E",Egypt Laptop,http://www.egprices.com/images/thumb/dell_inspiron_15r_3558_notebook_pc.jpg
Dell Inspiron 15R 5559 (i5/8/1TB/ATI) Notebook PC,"9,999 L.E",Egypt Laptop,http://www.egprices.com/images/thumb/dell_inspiron_15r_5558_notbook.jpg
Apple MacBook Pro 15-Inch Retina Display Quad-core I7 2.5GHz 16GB (512GB),"54,899 L.E",Egypt Laptop,http://www.egprices.com/images/thumb/apple_macbook.jpg
Apple MacBook Pro 15-Inch Retina Display Quad-core I7 2.2GHz 16GB (256GB),"53,000 L.E",Egypt Laptop,http://www.egprices.com/images/thumb/apple_macbook.jpg
Apple MacBook Pro 13 Inch Core I5 2.5GHz,"27,899 L.E",Egypt Laptop,http://www.egprices.com/images/thumb/apple_macbook.jpg
ASUS X540S-XX070D Notebook PC,"4,099 L.E",Egypt Laptop,http://www.egprices.com/images/thumb/asus_x540.jpg
Lenovo Legion Y520 (i7/16/1TB+128G SSD/NVIDIA/W10) Notebook PC,"20,999 L.E",Brothers for Import,http://www.egprices.com/images/thumb/lenovo-legion-y520.jpg
Lenovo Ideapad 320 (i5/8/1TB/R7 M520) Notebook PC,"9,300 L.E",Sigma Computer,http://www.egprices.com/images/thumb/lenovo-ideapad-320.jpg
Lenovo Ideapad 110 (AMD E1-7010 /4/1TB/Radeon) Notebook PC,"4,399 L.E",Appliance,http://www.egprices.com/images/thumb/lenovo_ideapad_110_e1-7010__netbook_pc.jpg
HP Ay070ne Notebook PC,"6,399 L.E",Appliance,http://www.egprices.com/images/thumb/hp_15-ay075nia_notebook_pc.jpg
Dell Inspiron 15R 3567 (i7/8/1TB/R5 M340) Notebook PC,"10,399 L.E",Appliance,http://www.egprices.com/images/thumb/dell_inspiron_15r_3558_notebook_pc.jpg
Lenovo Ideapad 110 (i3/4/1TB) Notebook PC (Black),"6,399 L.E",Appliance,http://www.egprices.com/images/thumb/lenovo_ideapad_110_e1-7010__netbook_pc.jpg
Dell Inspiron 15-7567 (i7/8/1TB + 128SSD/NVIDIA) Notebook PC,"21,499 L.E",CompuScience,http://www.egprices.com/images/thumb/15_7567.jpg
Dell Inspiron 15R 3567 (i7/8/1TB/R5 M340) Notebook PC,"10,300 L.E",Sigma Computer,http://www.egprices.com/images/thumb/dell_inspiron_15r_3558_notebook_pc.jpg
Dell Inspiron 11R 3162 (Celeron/2/32/W10) Notebook PC,"4,040 L.E",Computer Shop,http://www.egprices.com/images/thumb/dell-inspiron-11r-3162.jpg
HP 14-am002ne Notebook PC (X5B70EA),"3,999 L.E",Egypt Laptop,http://www.egprices.com/images/thumb/hp_14-r203nx.jpg
Lenovo Legion Y520 (i7/16/1TB+128G SSD/NVIDIA/W10) Notebook PC,"21,900 L.E",Sigma Computer,http://www.egprices.com/images/thumb/lenovo-legion-y520.jpg
Lenovo Ideapad 110 (i5/8/1TB/R5 M430) Notebook PC,"8,500 L.E",Sigma Computer,http://www.egprices.com/images/thumb/lenovo_ideapad_110_e1-7010__netbook_pc.jpg
MSI GS706QE (i7/16GB/1TB+128SSD/NVIDIA/W10) Gaming Notebook PC,"27,999 L.E",Egypt Laptop,http://www.egprices.com/images/thumb/msi_gs706qe.jpg
HP 15-ba002ne Notebook PC,"6,000 L.E",Compunil,http://www.egprices.com/images/thumb/hp_15-ba001ne.jpg
HP 15-ay020ne Notebook PC,"6,350 L.E",Compunil,http://www.egprices.com/images/thumb/hp_15-r253ne.jpg
HP 15-BA001NE Notebook PC,"4,250 L.E",Compunil,http://www.egprices.com/images/thumb/hp_15-ba001ne.jpg
HP 15-BA001NE Notebook PC,"4,355 L.E",Egypt Laptop,http://www.egprices.com/images/thumb/hp_15-ba001ne.jpg
HP 14-am002ne Notebook PC (X5B70EA),"3,999 L.E",Collection,http://www.egprices.com/images/thumb/hp_14-r203nx.jpg
Lenovo ThinkPad Yoga 260 (i7/8/SSD 512 GB/W10) Notebook PC,"35,999 L.E",Egypt Laptop,http://www.egprices.com/images/thumb/lenovo-thinkpad-yoga-260.jpg
Lenovo ThinkPad Yoga 260 (i7/8/SSD 256 GB/W10) Notebook PC,"33,999 L.E",Egypt Laptop,http://www.egprices.com/images/thumb/lenovo-thinkpad-yoga-260.jpg
Lenovo Ideapad 510 (i5/8/1TB/NVIDIA) Notebook PC,"12,599 L.E",Egypt Laptop,http://www.egprices.com/images/thumb/lenovo_ideapad_510_notebook_pc.jpg
Dell Inspiron 15R 5559 (i7/8/1TB/ATI) Notebook PC,"11,666 L.E",Egypt Laptop,http://www.egprices.com/images/thumb/dell_inspiron_15r_5558_notbook.jpg
Cherry ZE002 Notebook PC,"2,599 L.E",CompuScience,http://www.egprices.com/images/thumb/cherry_ze002_notebook_pc.jpg
Dell Inspiron 15R 5559 (i5/4/500/ATI) Notebook PC,"8,599 L.E",Egypt Laptop,http://www.egprices.com/images/thumb/dell_inspiron_15r_5558_notbook.jpg
Apple MacBook Air 11.6-inch/128GB,"23,999 L.E",Egypt Laptop,http://www.egprices.com/images/thumb/Apple_MacBook_Air.jpg
HP 255 G5 (AMD E2/4/500/Radeon) Notebook PC,"4,495 L.E",Compunil,http://www.egprices.com/images/thumb/hp_255_g5.jpg
Dell Inspiron 15R 5567 (i7/8/1TB/R7 M445/W10) Notebook PC,"13,950 L.E",Compunil,http://www.egprices.com/images/thumb/dell_inspiron_15r_5558_notbook.jpg
Lenovo Ideapad 110 (AMD E1-7010 /4/1TB/Radeon) Notebook PC,"4,199 L.E",Egypt Laptop,http://www.egprices.com/images/thumb/lenovo_ideapad_110_e1-7010__netbook_pc.jpg
Lenovo Ideapad 100 (i3/4/1TB) Notebook PC,"6,099 L.E",Egypt Laptop,http://www.egprices.com/images/thumb/lenovo_ideapad_100.jpg
Lenovo Ideapad 110 (Celeron /4/500) Notebook PC,"4,199 L.E",Egypt Laptop,http://www.egprices.com/images/thumb/lenovo_ideapad_110_e1-7010__netbook_pc.jpg
Lenovo Ideapad 100 (i3/4/1TB/NVidia) Notebook PC,"6,500 L.E",Compunil,http://www.egprices.com/images/thumb/lenovo_ideapad_100.jpg
Lenovo ThinkPad L460 (i7/8/1TB/R5 M330/W10) Notebook PC,"22,599 L.E",Egypt Laptop,http://www.egprices.com/images/thumb/lenovo_thinkpad_l460.jpg
Lenovo ThinkPad L460 (i5/4/500/W10) Notebook PC,"19,499 L.E",Egypt Laptop,http://www.egprices.com/images/thumb/lenovo_thinkpad_l460.jpg
Lenovo E51-80 (i7/8/1TB/ R5 M330/W10) Notebook PC,"15,999 L.E",Egypt Laptop,http://www.egprices.com/images/thumb/lenovo_e51-80.jpg
Lenovo E51-80 (i5/8/1TB/ R5 M330) Notebook PC,"13,999 L.E",Egypt Laptop,http://www.egprices.com/images/thumb/lenovo_e51-80.jpg
Lenovo E51-80 (i5/4/500/ R5 M330) Notebook PC,"12,899 L.E",Egypt Laptop,http://www.egprices.com/images/thumb/lenovo_e51-80.jpg
Lenovo E51-80 (i5/4/500) Notebook PC,"11,999 L.E",Egypt Laptop,http://www.egprices.com/images/thumb/lenovo_e51-80.jpg
HP 15-af165sa Notebook PC,"6,900 L.E",Compunil,http://www.egprices.com/images/thumb/hp_15-af165sa_notebook_pc_1.jpg
ASUS X540LJ-XX065D Notebook PC,"5,888 L.E",Sigma Computer,http://www.egprices.com/images/thumb/asus_x540.jpg
Dell Inspiron 15R 3567 (i3/4/1TB/Linux) Notebook PC,"6,350 L.E",Sigma Computer,http://www.egprices.com/images/thumb/dell_inspiron_15r_3558_notebook_pc.jpg
Lenovo Ideapad 110 (i3/4/1TB) Notebook PC,"6,200 L.E",Sigma Computer,http://www.egprices.com/images/thumb/lenovo_ideapad_110_e1-7010__netbook_pc.jpg
Lenovo Ideapad 310 (i5/6/1TB/NVIDIA) Notebook PC,"9,250 L.E",Sigma Computer,http://www.egprices.com/images/thumb/lenovo_ideapad_310_notbook_pc.jpg
Lenovo Ideapad 310 (i7/8/1TB/NVIDIA) Notebook PC,"11,200 L.E",Sigma Computer,http://www.egprices.com/images/thumb/lenovo_ideapad_310_notbook_pc.jpg
Lenovo Ideapad 310 (i5/8/1TB/NVIDIA) Notebook PC,"9,200 L.E",Sigma Computer,http://www.egprices.com/images/thumb/lenovo_i310_laptop.jpg
ASUS X453SA (Celeron/2/500) Notebook PC,"3,500 L.E",Sigma Computer,http://www.egprices.com/images/thumb/asus_x453sa_notebook.jpg
Dell Inspiron 15R 5558 (i3/4/500) Notebook PC,"6,150 L.E",Sigma Computer,http://www.egprices.com/images/thumb/dell_inspiron_15r_5558_notbook.jpg
HP ProBook 450 G3 (i7/8/1TB/ATI) Notebook PC,"11,950 L.E",Compunil,http://www.egprices.com/images/thumb/hp_probook_450_g2_.jpg
Lenovo Ideapad Y700 (i7/12/256GB SSD/NVidia/W10) Notebook PC,"20,400 L.E",Compunil,http://www.egprices.com/images/thumb/lenovo_y700.jpg
Lenovo ThinkPad Edge E550 (I7/8/1TB/R7 M265) Notebook PC,"24,999 L.E",Egypt Laptop,http://www.egprices.com/images/thumb/lenovo_thinkpad_edge_e550.jpg
Dell Inspiron 13 7359 (i7/8/1TB/W10) Convertible Touchscreen Notebook PC,"19,499 L.E",Egypt Laptop,http://www.egprices.com/images/thumb/dell_inspiron_7347.jpg
Dell Latitude E7450 (i5/8/256GB SSD/Ubuntu ) Notebook PC,"39,000 L.E",Egypt Laptop,http://www.egprices.com/images/thumb/dell_latitude_e7450.jpg
Lenovo ThinkPad L560 (i5/4/500/W10) Notebook PC,"19,999 L.E",Egypt Laptop,http://www.egprices.com/images/thumb/lenovo_thinkpad_l560.jpg
Dell Latitude E7470 (i7/8/256GB SSD/Ubuntu ) Notebook PC,"33,000 L.E",Egypt Laptop,http://www.egprices.com/images/thumb/dell_latitude_e7470.jpg
Dell Latitude E5550 (i7/8/500/NVIDIA-2GB/Ubuntu) Notebook PC,"32,000 L.E",Egypt Laptop,http://www.egprices.com/images/thumb/dell_latitude_e5440.jpg
Apple MacBook Air 13-inch (Core I5 1.6GHz/8/256GB),"33,999 L.E",Egypt Laptop,http://www.egprices.com/images/thumb/Apple_MacBook_Air.jpg
Apple MacBook Air 13-inch (Core I5 1.6GHz/8/128GB),"27,699 L.E",Egypt Laptop,http://www.egprices.com/images/thumb/Apple_MacBook_Air.jpg
Apple MacBook Air 11-inch/256GB (Core I5 1.6GHz),"24,499 L.E",Egypt Laptop,http://www.egprices.com/images/thumb/Apple_MacBook_Air.jpg
HP 15-ba054sa Notebook PC,"6,500 L.E",Compunil,http://www.egprices.com/images/thumb/hp_15-ay109ne_notebook_pc.jpg
Lenovo Ideapad 110 (AMD E1-7010 /4/1TB/Radeon) Notebook PC,"4,250 L.E",Compunil,http://www.egprices.com/images/thumb/lenovo_ideapad_110_e1-7010__netbook_pc.jpg
Dell Inspiron 15R 3558 (i5/4/500/NVIDIA) Notebook PC,"8,599 L.E",Egypt Laptop,http://www.egprices.com/images/thumb/dell_inspiron_15r_3558_notebook_pc.jpg
Dell Latitude E7450 (i7/8/256GB SSD/Ubuntu ) Notebook PC,"39,999 L.E",Egypt Laptop,http://www.egprices.com/images/thumb/dell_latitude_e7450.jpg
Dell Inspiron 15R 5558 (i3/4/500) Notebook PC,"5,999 L.E",Egypt Laptop,http://www.egprices.com/images/thumb/dell_inspiron_15r_5558_notbook.jpg
Lenovo V110 (i3/4/500/W10) Notebook PC,"6,350 L.E",Compunil,http://www.egprices.com/images/thumb/lenovo_v110.jpg
HP 15-ay019ne Notebook PC,"6,099 L.E",Compunil,http://www.egprices.com/images/thumb/hp_15-r253ne.jpg
HP ENVY 15-AH150SA Notebook PC,"8,850 L.E",Compunil,http://www.egprices.com/images/thumb/hp-envy-15-ah150sa.jpg
Lenovo G5045 (AMD/4/500/ATI) Notebook PC,"3,850 L.E",MEST,http://www.egprices.com/images/thumb/lenovo_g5030_celeron_2_500_notebook_pc_black.jpg
Lenovo Ideapad 100 (Celeron/4/500) Netbook PC,"3,999 L.E",Sigma Computer,http://www.egprices.com/images/thumb/lenovo_ideapad_100.jpg
Dell Inspiron 13 7359 (i5/4/500/W10) Convertible Touchscreen Notebook PC,"14,999 L.E",Egypt Laptop,http://www.egprices.com/images/thumb/dell_inspiron_7347.jpg
ASUS X540S-XX002D Notebook PC,"3,499 L.E",Egypt Laptop,http://www.egprices.com/images/thumb/asus_x540.jpg
Lenovo Y5070 (i7/16/1TB/GTX860M/W8) Notebook PC,"18,499 L.E",Egypt Laptop,http://www.egprices.com/images/thumb/lenovo_y5070_notebook_pc_black.jpg
Dell Latitude E7270 (i5/8/256GBSSD) Notebook PC,"36,499 L.E",Egypt Laptop,http://www.egprices.com/images/thumb/dell_latitude_e7270.jpg
Dell Latitude E7270 (i5/8/256GBSSD) Notebook PC,"33,999 L.E",Egypt Laptop,http://www.egprices.com/images/thumb/dell_latitude_e7270.jpg
Lenovo Ideapad 110 (AMD E1-7010 /4/1TB/Radeon) Notebook PC,"4,299 L.E",Sigma Computer,http://www.egprices.com/images/thumb/lenovo_ideapad_110_e1-7010__netbook_pc.jpg
Lenovo Ideapad 100 (i3/4/1TB/NVidia) Notebook PC,"6,799 L.E",Sigma Computer,http://www.egprices.com/images/thumb/lenovo_ideapad_100.jpg
Dell Inspiron 15R 5559 (i5/4/500/ATI) Notebook PC,"8,125 L.E",Compu Smart,http://www.egprices.com/images/thumb/dell_inspiron_15r_5558_notbook.jpg
Dell Inspiron 15R 5559 (i7/8/1TB/ATI) Notebook PC,"11,750 L.E",Compu Smart,http://www.egprices.com/images/thumb/dell_inspiron_15r_5558_notbook.jpg
Dell Inspiron 15R 3552 (Celeron/4/500) Notebook PC,"4,250 L.E",Compu Trade,http://www.egprices.com/images/thumb/dell_inspiron_15r_3542_notebook_pc.jpg
Dell Inspiron 15R 5559 (i5/4/500/ATI) Notebook PC,"8,125 L.E",Compu Trade,http://www.egprices.com/images/thumb/dell_inspiron_15r_5558_notbook.jpg
Dell Inspiron 15R 5558 (i3/4/500) Notebook PC,"5,700 L.E",Compu Trade,http://www.egprices.com/images/thumb/dell_inspiron_15r_5558_notbook.jpg
Dell Inspiron 15R 5559 (i7/8/1TB/ATI) Notebook PC,"11,750 L.E",Compu Trade,http://www.egprices.com/images/thumb/dell_inspiron_15r_5558_notbook.jpg
Dell Inspiron 15R 3552 (Celeron/4/500) Notebook PC,"4,250 L.E",Compu Smart,http://www.egprices.com/images/thumb/dell_inspiron_15r_3542_notebook_pc.jpg
ASUS X540SA (Celeron/2/500) Notebook PC,"3,600 L.E",Sigma Computer,http://www.egprices.com/images/thumb/asus_x540.jpg
Dell Inspiron 15R 3542 (i3/4/1TB) Notebook PC,"5,500 L.E",Sigma Computer,http://www.egprices.com/images/thumb/dell_inspiron_15r_3542_notebook_pc.jpg
Lenovo Ideapad 110 (Celeron /4/500) Notebook PC,"3,599 L.E",MEST,http://www.egprices.com/images/thumb/lenovo_ideapad_110_e1-7010__netbook_pc.jpg
Lenovo Ideapad 510 (i7/8/1TB+8SSD/NVIDIA) Notebook PC,"12,500 L.E",Sigma Computer,http://www.egprices.com/images/thumb/lenovo_ideapad_510_notebook_pc.jpg
Dell Inspiron 15R 3558 (i5/4/500/NVIDIA) Notebook PC,"7,300 L.E",Sigma Computer,http://www.egprices.com/images/thumb/dell_inspiron_15r_3558_notebook_pc.jpg
Dell Inspiron 15R 3542 (i3/4/500/NVIDIA) Notebook PC,"6,100 L.E",Compu Trade,http://www.egprices.com/images/thumb/dell_inspiron_15r_3542_notebook_pc.jpg
Dell Inspiron 15R 5559 (i5/4/500/R5 M335 4G) Notebook PC,"8,300 L.E",Compu Trade,http://www.egprices.com/images/thumb/dell_inspiron_15r_5558_notbook.jpg
Lenovo Ideapad 100 (i3/4/1TB) Notebook PC,"5,600 L.E",Sigma Computer,http://www.egprices.com/images/thumb/lenovo_ideapad_100.jpg
Dell Inspiron 15R 5559 (i5/4/500/R5 M335 4G) Notebook PC,"9,200 L.E",Compu Smart,http://www.egprices.com/images/thumb/dell_inspiron_15r_5558_notbook.jpg
Dell Inspiron 15R 3542 (i3/4/500/NVIDIA) Notebook PC,"5,250 L.E",Compu Smart,http://www.egprices.com/images/thumb/dell_inspiron_15r_3542_notebook_pc.jpg
HP ProBook 450 G3 (i5/8/1TB/ATI) Notebook PC,"8,900 L.E",Sigma Computer,http://www.egprices.com/images/thumb/hp_probook_450_g2_.jpg
Dell Inspiron 15R 3542 (i3/4/500) Notebook PC,"4,750 L.E",Compu Smart,http://www.egprices.com/images/thumb/dell_inspiron_15r_3542_notebook_pc.jpg
Dell Inspiron 15R 5558 (i5/4/500/NVIDIA) Notebook PC,"5,400 L.E",Compunil,http://www.egprices.com/images/thumb/dell_inspiron_15r_5558_notbook.jpg
HP ProBook 450 G2 (i5/6/750/Radeon) Notebook PC,"5,500 L.E",Sigma Computer,http://www.egprices.com/images/thumb/hp_probook_450_g2_.jpg
HP ProBook 450 G2 (i7/8/1TB/ATI) Notebook PC,"7,300 L.E",Sigma Computer,http://www.egprices.com/images/thumb/hp_probook_450_notebook_pc.jpg
HP ProBook 450 G3 (i5/8/1TB/ATI) Notebook PC,"6,100 L.E",Compunil,http://www.egprices.com/images/thumb/hp_probook_450_g2_.jpg
Dell Inspiron 15R 5559 (i7/8/1TB/ATI) Notebook PC,"8,050 L.E",Compunil,http://www.egprices.com/images/thumb/dell_inspiron_15r_5558_notbook.jpg
Lenovo Ideapad Y700 (i7/16/1TB+128G SSD/NVidia/W10) Notebook PC,"15,500 L.E",Sigma Computer,http://www.egprices.com/images/thumb/lenovo_y700.jpg
Dell Inspiron 15R 5559 (i7/16/2TB/Radeon/W10) Notebook PC,"9,250 L.E",Compunil,http://www.egprices.com/images/thumb/dell_inspiron_15r_5558_notbook.jpg
Lenovo Ideapad 500 (i7/8/1TB+8G SSD/ATI) Notebook PC,"7,300 L.E",Compunil,http://www.egprices.com/images/thumb/lenovo_ideapad_500.jpg
Dell Inspiron 15R 3542 (i3/4/500/W8) Notebook PC,"3,800 L.E",Compunil,http://www.egprices.com/images/thumb/dell_inspiron_15r_3542_notebook_pc.jpg
Dell Inspiron 15R 5551 (Pentium/4/500) Notebook PC,"3,000 L.E",Sigma Computer,http://www.egprices.com/images/thumb/dell_inspiron_15r_5551_notbook.jpg
Lenovo G5045 (AMD/4/500/ATI) Notebook PC,"2,700 L.E",Sigma Computer,http://www.egprices.com/images/thumb/lenovo_g5030_celeron_2_500_notebook_pc_black.jpg
Lenovo Ideapad 500 (i5/8/1TB+8G SSD/ATI) Notebook PC (Black),"6,200 L.E",Sigma Computer,http://www.egprices.com/images/thumb/lenovo_ideapad_500.jpg
Lenovo G5135 (AMD E1-7010 /4/500) Notebook PC,"2,550 L.E",Sigma Computer,http://www.egprices.com/images/thumb/lenovo_g5030_celeron_2_500_notebook_pc_black.jpg
Lenovo Ideapad 110 (AMD E1-7010 /4/500) Notebook PC,"2,650 L.E",Sigma Computer,http://www.egprices.com/images/thumb/lenovo_ideapad_110_e1-7010__netbook_pc.jpg
Lenovo Ideapad 310 (i7/8/1TB/NVIDIA) Notebook PC,"7,350 L.E",Compu Smart,http://www.egprices.com/images/thumb/lenovo_ideapad_310_notbook_pc.jpg
Dell Inspiron 15R 3543 (i5/4/500/NVIDIA) Notebook PC,"5,350 L.E",Compu Smart,http://www.egprices.com/images/thumb/dell_inspiron_15r_3542_notebook_pc.jpg
HP 255 (E2-7110/4/500) Notebook PC,"3,000 L.E",Compu Smart,http://www.egprices.com/images/thumb/hp_255_g1.jpg
Lenovo Ideapad 310 (i5/4/500GB/NVIDIA) Notebook PC,"5,450 L.E",Compu Smart,http://www.egprices.com/images/thumb/lenovo_ideapad_310_notbook_pc.jpg
Dell Inspiron 15R 3543 (i5/4/500/NVIDIA) Notebook PC,"5,350 L.E",Compu Trade,http://www.egprices.com/images/thumb/dell_inspiron_15r_3542_notebook_pc.jpg
Dell Inspiron 15R 3542 (i3/4/500) Notebook PC,"3,825 L.E",Compu Trade,http://www.egprices.com/images/thumb/dell_inspiron_15r_3542_notebook_pc.jpg
Dell Inspiron 15R 5559 (i7/16/2TB/ATI/W10) Notebook PC,"9,500 L.E",Sigma Computer,http://www.egprices.com/images/thumb/dell_inspiron_15r_5558_notbook.jpg
Lenovo Ideapad 310 (i7/8/1TB/NVIDIA) Notebook PC,"7,350 L.E",Compu Trade,http://www.egprices.com/images/thumb/lenovo_ideapad_310_notbook_pc.jpg
HP ProBook 450 G2 (i5/6/1TB/ATI) Notebook PC (K9K68EA),"5,800 L.E",Sigma Computer,http://www.egprices.com/images/thumb/hp_probook_450_g2_.jpg
Acer Aspire E5-573G (i3/4/500) Notebook PC,"3,100 L.E",Sigma Computer,http://www.egprices.com/images/thumb/acer_aspire_e5-571g.jpg
HP 255 (E2-7110/4/500) Notebook PC,"3,000 L.E",Compu Trade,http://www.egprices.com/images/thumb/hp_255_g1.jpg
Lenovo Ideapad 310 (i5/4/500GB/NVIDIA) Notebook PC,"5,450 L.E",Compu Trade,http://www.egprices.com/images/thumb/lenovo_ideapad_310_notbook_pc.jpg
Lenovo Ideapad 110 (AMD A8-7410/8/1TB) Notebook PC,"4,450 L.E",Compu Trade,http://www.egprices.com/images/thumb/lenovo_ideapad_110_e1-7010__netbook_pc.jpg
Lenovo Ideapad 110 (AMD E1-7010 /2/500) Notebook PC,"2,800 L.E",Compu Trade,http://www.egprices.com/images/thumb/lenovo_ideapad_110_e1-7010__netbook_pc.jpg
Lenovo Ideapad 500 (i7/8/1TB+8G SSD/ATI) Notebook PC,"7,200 L.E",Sigma Computer,http://www.egprices.com/images/thumb/lenovo_ideapad_500.jpg
HP 250 G3 (i3/4/500) Notebook PC,"3,550 L.E",Compunil,http://www.egprices.com/images/thumb/hp_655.jpg
Dell Inspiron 15R 3542 (i5/4/500/NVIDIA) Notebook PC,"4,750 L.E",Sigma Computer,http://www.egprices.com/images/thumb/dell_inspiron_15r_3542_notebook_pc.jpg
Dell Inspiron 15R 3542 (Celeron/4/500) Notebook PC,"2,750 L.E",Sigma Computer,http://www.egprices.com/images/thumb/dell_inspiron_15r_3542_notebook_pc.jpg
HP 250 G4 (i3/4/1TB/Radeon) Notebook PC,"3,900 L.E",Compunil,http://www.egprices.com/images/thumb/hp_655.jpg
HP ProBook 350 G1 (i7/8/1TB/ATI) Notebook PC,"5,750 L.E",Compunil,http://www.egprices.com/images/thumb/hp_350_g1.jpg
Acer Chromebook (Celeron/2/16/Chrome OS) Notebook PC (CB3-111-C670),"1,750 L.E",El Badr Group,http://www.egprices.com/images/thumb/cb3-111-c670.jpg
Dell Inspiron 15R 3542 (i3/4/500) Notebook PC,"3,250 L.E",Sigma Computer,http://www.egprices.com/images/thumb/dell_inspiron_15r_3542_notebook_pc.jpg
Lenovo G5080 (I3/4/500) Notebook PC,"3,250 L.E",Sigma Computer,http://www.egprices.com/images/thumb/lenovo_g5030_celeron_2_500_notebook_pc_black.jpg
Lenovo Ideapad 300 (Celeron/2/500) Netbook PC,"2,340 L.E",Compunil,http://www.egprices.com/images/thumb/lenovo_ideapad_300.jpg
Dell Inspiron 15R 5558 (i3/4/500) Notebook PC,"3,425 L.E",Compunil,http://www.egprices.com/images/thumb/dell_inspiron_15r_5558_notbook.jpg
Lenovo G5045 (AMD/6/1TB/Radeon) Notebook PC,"3,900 L.E",Sigma Computer,http://www.egprices.com/images/thumb/lenovo_g5030_celeron_2_500_notebook_pc_black.jpg
Lenovo Ideapad 305 (I3/4/500) Netbook PC,"3,250 L.E",Compunil,http://www.egprices.com/images/thumb/lenovo_ideapad_305.jpg
Lenovo Z5170 (i7/8/1TB+8GBSSD/Radeon) Notebook PC,"6,700 L.E",Sigma Computer,http://www.egprices.com/images/thumb/lenovo_ideapad_z5070_notebook_silver.jpg
HP ProBook 450 G2 (i5/8/1TB/ATI) Notebook PC,"5,750 L.E",Compunil,http://www.egprices.com/images/thumb/hp_probook_450_g2_.jpg
Dell Inspiron 15R 5558 (i7/8/1TB/NVIDIA) Notebook PC,"7,400 L.E",Sigma Computer,http://www.egprices.com/images/thumb/dell_inspiron_15r_5558_notbook.jpg
Dell Inspiron 15R 5558 (i5/8/1TB/NVIDIA) Notebook PC,"5,250 L.E",Compunil,http://www.egprices.com/images/thumb/dell_inspiron_15r_5558_notbook.jpg
Dell Inspiron 15R 3542 (i3/4/500/W8) Notebook PC,"3,500 L.E",Sigma Computer,http://www.egprices.com/images/thumb/dell_inspiron_15r_3542_notebook_pc.jpg
HP ProBook 450 G2 (i7/8/1TB/ATI) Notebook PC (J4S97EA),"7,000 L.E",Compunil,http://www.egprices.com/images/thumb/hp_probook_450_g2_j4s97ea.jpg
Lenovo Ideapad 300 (i5/6/1TB/R5 M330) Notebook PC,"4,700 L.E",Compunil,http://www.egprices.com/images/thumb/lenovo_ideapad_300.jpg
Dell Inspiron 15R 3541 (AMD E1-6010 /2/500) Notebook PC,"2,650 L.E",Compunil,http://www.egprices.com/images/thumb/dell_inspiron_15r_3541.jpg
Dell Inspiron 15R 5558 (i5/8/1TB/NVIDIA) Notebook PC,"4,999 L.E",Sigma Computer,http://www.egprices.com/images/thumb/dell_inspiron_15r_5558_notbook.jpg
Dell Inspiron 15R 5558 (i5/6/1TB/NVIDIA) Notebook PC,"4,850 L.E",Sigma Computer,http://www.egprices.com/images/thumb/dell_inspiron_15r_5558_notbook.jpg
Lenovo G5030 (Celeron/4/500) Notebook PC,"2,340 L.E",Compunil,http://www.egprices.com/images/thumb/lenovo_g5030_celeron_2_500_notebook_pc_black.jpg
HP 15-ac120ne Notebook PC,"3,550 L.E",Compunil,http://www.egprices.com/images/thumb/hp_15-r253ne.jpg
HP 15-AC118NE Notebook PC (P4G48EA),"3,250 L.E",Compunil,http://www.egprices.com/images/thumb/hp_15-r253ne.jpg
Lenovo Z5170 (i5/8/1TB/Radeon) Notebook PC,"5,500 L.E",Compunil,http://www.egprices.com/images/thumb/lenovo_ideapad_z5070_notebook_silver.jpg
Lenovo Z5170 (i5/8/1TB/Radeon) Notebook PC,"5,500 L.E",Sigma Computer,http://www.egprices.com/images/thumb/lenovo_ideapad_z5070_notebook_silver.jpg
Lenovo G5030 (Celeron/4/500) Notebook PC,"2,350 L.E",Sigma Computer,http://www.egprices.com/images/thumb/lenovo_g5030_celeron_2_500_notebook_pc_black.jpg
Lenovo G5080 (I5/6/1TB/ATI) Notebook PC,"4,550 L.E",Sigma Computer,http://www.egprices.com/images/thumb/lenovo_g5030_celeron_2_500_notebook_pc_black.jpg
Acer Aspire E5-573G (i5/6/1TB/NVIDIA) Notebook PC,"4,100 L.E",Sigma Computer,http://www.egprices.com/images/thumb/acer_aspire_e5-571g.jpg
Acer Aspire E5-573G (i3/4/500GB/NVIDIA) Notebook PC,"3,100 L.E",Sigma Computer,http://www.egprices.com/images/thumb/acer_aspire_e5-571g.jpg
Lenovo G5080 (I3/4/500/ATI) Notebook PC,"3,100 L.E",Sigma Computer,http://www.egprices.com/images/thumb/lenovo_g5030_celeron_2_500_notebook_pc_black.jpg
HP ProBook 450 G2 (i5/8/1TB/ATI) Notebook PC,"4,890 L.E",Compu Smart,http://www.egprices.com/images/thumb/hp_probook_450_g2_.jpg
HP ProBook 450 G2 (i5/8/1TB/ATI) Notebook PC,"4,900 L.E",Compu Trade,http://www.egprices.com/images/thumb/hp_probook_450_g2_.jpg
Lenovo B5045 (AMD/4/500/Radeon) Notebook PC,"3,000 L.E",Sigma Computer,http://www.egprices.com/images/thumb/lenovo_b50_black_dos.jpg
Lenovo B5070 (i3/4/500) Notebook PC (Black),"2,575 L.E",Sigma Computer,http://www.egprices.com/images/thumb/lenovo_b50_black_dos.jpg
Lenovo G5070 (I3/4/500) Notebook PC,"2,700 L.E",Sigma Computer,http://www.egprices.com/images/thumb/lenovo_g5030_celeron_2_500_notebook_pc_black.jpg
Lenovo G5030 (Celeron/2/500) Notebook PC,"1,800 L.E",Sigma Computer,http://www.egprices.com/images/thumb/lenovo_g5030_celeron_2_500_notebook_pc_black.jpg
Lenovo E1030 (Celeron/2/500/W8) Notebook PC,"1,600 L.E",Sigma Computer,http://www.egprices.com/images/thumb/lenovo_e1030_notebook_pc.jpg
Acer Aspire E1-572G (i5/4/500/NVIDIA) Notebook PC (Black),"3,500 L.E",Sigma Computer,http://www.egprices.com/images/thumb/acer_e1_notebook.jpg
HP 255 G3 (AMD/4/500/ATI) Notebook PC,"2,350 L.E",Compunil,http://www.egprices.com/images/thumb/hp_255_g1.jpg
Lenovo S2030 (Celeron/2/500/W8) Notebook PC,"2,100 L.E",Compu Trade,http://www.egprices.com/images/thumb/lenovo_s2030_notebook_pc.jpg
Lenovo G580 (Celeron/4/500) Notebook PC,"2,240 L.E",Compunil,http://www.egprices.com/images/thumb/lenovo_g580.jpg
Toshiba Satellite C55-B865 Notebook PC,"3,200 L.E",Compunil,http://www.egprices.com/images/thumb/toshiba_satellite_c55_white_dos.jpg
ASUS TP500LA-CJ078H Transformer Book Flip Notebook PC,"3,900 L.E",Compunil,http://www.egprices.com/images/thumb/asus_tp500la-cj076h_transformer_book_flip.jpg
HP 15-g020se Notebook PC,"2,250 L.E",Compunil,http://www.egprices.com/images/thumb/hp_15-g001sx.jpg
HP ProBook 450 G2 (i7/8/1TB/ATI) Notebook PC (J4S97EA),"5,850 L.E",Compu Trade,http://www.egprices.com/images/thumb/hp_probook_450_g2_j4s97ea.jpg
